student_id,class_id,current_attendance_rate
00000000-0000-0000-0000-000000000001,11111111-0000-0000-0000-000000000001,0
00000000-0000-0000-0000-000000000002,11111111-0000-0000-0000-000000000001,0
00000000-0000-0000-0000-000000000003,11111111-0000-0000-0000-000000000001,0
00000000-0000-0000-0000-000000000004,11111111-0000-0000-0000-000000000001,0
00000000-0000-0000-0000-000000000005,11111111-0000-0000-0000-000000000001,0
00000000-0000-0000-0000-000000000006,11111111-0000-0000-0000-000000000001,0
00000000-0000-0000-0000-000000000007,11111111-0000-0000-0000-000000000001,0
00000000-0000-0000-0000-000000000008,11111111-0000-0000-0000-000000000001,0
00000000-0000-0000-0000-000000000009,11111111-0000-0000-0000-000000000001,0
00000000-0000-0000-0000-000000000010,11111111-0000-0000-0000-000000000001,0
00000000-0000-0000-0000-000000000011,11111111-0000-0000-0000-000000000001,0
00000000-0000-0000-0000-000000000012,11111111-0000-0000-0000-000000000001,0
00000000-0000-0000-0000-000000000013,11111111-0000-0000-0000-000000000001,0
00000000-0000-0000-0000-000000000014,11111111-0000-0000-0000-000000000001,0
00000000-0000-0000-0000-000000000015,11111111-0000-0000-0000-000000000001,0
00000000-0000-0000-0000-000000000016,11111111-0000-0000-0000-000000000001,0
00000000-0000-0000-0000-000000000017,11111111-0000-0000-0000-000000000001,0
00000000-0000-0000-0000-000000000018,11111111-0000-0000-0000-000000000001,0
00000000-0000-0000-0000-000000000019,11111111-0000-0000-0000-000000000001,0
00000000-0000-0000-0000-000000000020,11111111-0000-0000-0000-000000000001,0
00000000-0000-0000-0000-000000000021,11111111-0000-0000-0000-000000000001,0
00000000-0000-0000-0000-000000000022,11111111-0000-0000-0000-000000000001,0
00000000-0000-0000-0000-000000000023,11111111-0000-0000-0000-000000000001,0
00000000-0000-0000-0000-000000000024,11111111-0000-0000-0000-000000000001,0
00000000-0000-0000-0000-000000000025,11111111-0000-0000-0000-000000000001,0
00000000-0000-0000-0000-000000000026,11111111-0000-0000-0000-000000000002,0
00000000-0000-0000-0000-000000000027,11111111-0000-0000-0000-000000000002,0
00000000-0000-0000-0000-000000000028,11111111-0000-0000-0000-000000000002,0
00000000-0000-0000-0000-000000000029,11111111-0000-0000-0000-000000000002,0
00000000-0000-0000-0000-000000000030,11111111-0000-0000-0000-000000000002,0
00000000-0000-0000-0000-000000000031,11111111-0000-0000-0000-000000000002,0
00000000-0000-0000-0000-000000000032,11111111-0000-0000-0000-000000000002,0
00000000-0000-0000-0000-000000000033,11111111-0000-0000-0000-000000000002,0
00000000-0000-0000-0000-000000000034,11111111-0000-0000-0000-000000000002,0
00000000-0000-0000-0000-000000000035,11111111-0000-0000-0000-000000000002,0
00000000-0000-0000-0000-000000000036,11111111-0000-0000-0000-000000000002,0
00000000-0000-0000-0000-000000000037,11111111-0000-0000-0000-000000000002,0
00000000-0000-0000-0000-000000000038,11111111-0000-0000-0000-000000000002,0
00000000-0000-0000-0000-000000000039,11111111-0000-0000-0000-000000000002,0
00000000-0000-0000-0000-000000000040,11111111-0000-0000-0000-000000000002,0
00000000-0000-0000-0000-000000000041,11111111-0000-0000-0000-000000000002,0
00000000-0000-0000-0000-000000000042,11111111-0000-0000-0000-000000000002,0
00000000-0000-0000-0000-000000000043,11111111-0000-0000-0000-000000000002,0
00000000-0000-0000-0000-000000000044,11111111-0000-0000-0000-000000000002,0
00000000-0000-0000-0000-000000000045,11111111-0000-0000-0000-000000000002,0
00000000-0000-0000-0000-000000000046,11111111-0000-0000-0000-000000000002,0
00000000-0000-0000-0000-000000000047,11111111-0000-0000-0000-000000000002,0
00000000-0000-0000-0000-000000000048,11111111-0000-0000-0000-000000000002,0
00000000-0000-0000-0000-000000000049,11111111-0000-0000-0000-000000000002,0
00000000-0000-0000-0000-000000000050,11111111-0000-0000-0000-000000000003,0
00000000-0000-0000-0000-000000000051,11111111-0000-0000-0000-000000000003,0
00000000-0000-0000-0000-000000000052,11111111-0000-0000-0000-000000000003,0
00000000-0000-0000-0000-000000000053,11111111-0000-0000-0000-000000000003,0
00000000-0000-0000-0000-000000000054,11111111-0000-0000-0000-000000000003,0
00000000-0000-0000-0000-000000000055,11111111-0000-0000-0000-000000000003,0
00000000-0000-0000-0000-000000000056,11111111-0000-0000-0000-000000000003,0
00000000-0000-0000-0000-000000000057,11111111-0000-0000-0000-000000000003,0
00000000-0000-0000-0000-000000000058,11111111-0000-0000-0000-000000000003,0
00000000-0000-0000-0000-000000000059,11111111-0000-0000-0000-000000000003,0
00000000-0000-0000-0000-000000000060,11111111-0000-0000-0000-000000000003,0
00000000-0000-0000-0000-000000000061,11111111-0000-0000-0000-000000000003,0
00000000-0000-0000-0000-000000000062,11111111-0000-0000-0000-000000000003,0
00000000-0000-0000-0000-000000000063,11111111-0000-0000-0000-000000000003,0
00000000-0000-0000-0000-000000000064,11111111-0000-0000-0000-000000000003,0
00000000-0000-0000-0000-000000000065,11111111-0000-0000-0000-000000000003,0
00000000-0000-0000-0000-000000000066,11111111-0000-0000-0000-000000000003,0
00000000-0000-0000-0000-000000000067,11111111-0000-0000-0000-000000000003,0
00000000-0000-0000-0000-000000000068,11111111-0000-0000-0000-000000000003,0
00000000-0000-0000-0000-000000000069,11111111-0000-0000-0000-000000000003,0
00000000-0000-0000-0000-000000000070,11111111-0000-0000-0000-000000000003,0
00000000-0000-0000-0000-000000000071,11111111-0000-0000-0000-000000000003,0
00000000-0000-0000-0000-000000000072,11111111-0000-0000-0000-000000000003,0
00000000-0000-0000-0000-000000000073,11111111-0000-0000-0000-000000000003,0
00000000-0000-0000-0000-000000000074,11111111-0000-0000-0000-000000000003,0
00000000-0000-0000-0000-000000000075,11111111-0000-0000-0000-000000000004,0
00000000-0000-0000-0000-000000000076,11111111-0000-0000-0000-000000000004,0
00000000-0000-0000-0000-000000000077,11111111-0000-0000-0000-000000000004,0
00000000-0000-0000-0000-000000000078,11111111-0000-0000-0000-000000000004,0
00000000-0000-0000-0000-000000000079,11111111-0000-0000-0000-000000000004,0
00000000-0000-0000-0000-000000000080,11111111-0000-0000-0000-000000000004,0
00000000-0000-0000-0000-000000000081,11111111-0000-0000-0000-000000000004,0
00000000-0000-0000-0000-000000000082,11111111-0000-0000-0000-000000000004,0
00000000-0000-0000-0000-000000000083,11111111-0000-0000-0000-000000000004,0
00000000-0000-0000-0000-000000000084,11111111-0000-0000-0000-000000000004,0
00000000-0000-0000-0000-000000000085,11111111-0000-0000-0000-000000000004,0
00000000-0000-0000-0000-000000000086,11111111-0000-0000-0000-000000000004,0
00000000-0000-0000-0000-000000000087,11111111-0000-0000-0000-000000000004,0
00000000-0000-0000-0000-000000000088,11111111-0000-0000-0000-000000000004,0
00000000-0000-0000-0000-000000000089,11111111-0000-0000-0000-000000000004,0
00000000-0000-0000-0000-000000000090,11111111-0000-0000-0000-000000000004,0
00000000-0000-0000-0000-000000000091,11111111-0000-0000-0000-000000000004,0
00000000-0000-0000-0000-000000000092,11111111-0000-0000-0000-000000000004,0
00000000-0000-0000-0000-000000000093,11111111-0000-0000-0000-000000000004,0
00000000-0000-0000-0000-000000000094,11111111-0000-0000-0000-000000000004,0
00000000-0000-0000-0000-000000000095,11111111-0000-0000-0000-000000000004,0
00000000-0000-0000-0000-000000000096,11111111-0000-0000-0000-000000000004,0
00000000-0000-0000-0000-000000000097,11111111-0000-0000-0000-000000000004,0
00000000-0000-0000-0000-000000000098,11111111-0000-0000-0000-000000000004,0
